[
  {
    "id": -100,
    "name": "1.百度",
    "url": "http://tts.baidu.com/text2audio,{\n    \"method\": \"POST\",\n    \"body\": \"tex={{java.encodeURI(java.encodeURI(speakText))}}&spd={{(speakSpeed + 5) / 10 + 4}}&per=3&cuid=baidu_speech_demo&idx=1&cod=2&lan=zh&ctp=1&pdt=160&vol=5&aue=6&pit=5&_res_tag_=audio\"\n}",
    "contentType": "audio/wav"
  },
  {
    "id": -29,
    "name": "2.阿里云语音",
    "url": "https://nls-gateway.cn-shanghai.aliyuncs.com/stream/v1/tts,{\"method\": \"POST\",\"body\": {\"appkey\":\"{{source.getLoginInfoMap().get('AppKey')}}\",\"text\":\"{{speakText}}\",\"format\":\"mp3\",\"volume\":100,\"speech_rate\":{{String((speakSpeed) * 20 - 400)}} }}",
    "contentType": "audio/mpeg",
    "loginUrl": "var loginInfo = source.getLoginInfoMap();\nvar accessKeyId = loginInfo.get('AccessKeyId');\nvar accessKeySecret = loginInfo.get('AccessKeySecret');\nvar timestamp = java.timeFormatUTC(new Date().getTime(), \"yyyy-MM-dd'T'HH:mm:ss'Z'\", 0);\nvar aly = new JavaImporter(Packages.javax.crypto.Mac, Packages.javax.crypto.spec.SecretKeySpec, Packages.javax.xml.bind.DatatypeConverter, Packages.java.net.URLEncoder, Packages.java.lang.String, Packages.android.util.Base64);\nwith (aly) {\n    function percentEncode(value) {\n        return URLEncoder.encode(value, \"UTF-8\").replace(\"+\", \"%20\")\n            .replace(\"*\", \"%2A\").replace(\"%7E\", \"~\")\n    }\n\n    function sign(stringToSign, accessKeySecret) {\n        var mac = Mac.getInstance('HmacSHA1');\n        mac.init(new SecretKeySpec(String(accessKeySecret + '&').getBytes(\"UTF-8\"), \"HmacSHA1\"));\n        var signData = mac.doFinal(String(stringToSign).getBytes(\"UTF-8\"));\n        var signBase64 = Base64.encodeToString(signData, Base64.NO_WRAP);\n        var signUrlEncode = percentEncode(signBase64);\n        return signUrlEncode;\n    }\n}\nvar query = 'AccessKeyId=' + accessKeyId + '&Action=CreateToken&Format=JSON&RegionId=cn-shanghai&SignatureMethod=HMAC-SHA1&SignatureNonce=' + java.randomUUID() + '&SignatureVersion=1.0&Timestamp=' + percentEncode(timestamp) + '&Version=2019-02-28';\nvar signStr = sign('GET&' + percentEncode('/') + '&' + percentEncode(query), accessKeySecret);\nvar queryStringWithSign = \"Signature=\" + signStr + \"&\" + query;\nvar body = java.ajax('http://nls-meta.cn-shanghai.aliyuncs.com/?' + queryStringWithSign)\nvar res = JSON.parse(body)\nif (res.Message) {\n    throw new Error(res.Message)\n}\nvar header = { \"X-NLS-Token\": res.Token.Id };\nsource.putLoginHeader(JSON.stringify(header))",
    "loginUi": [
      {
        "name": "AppKey",
        "type": "text"
      },
      {
        "name": "AccessKeyId",
        "type": "text"
      },
      {
        "name": "AccessKeySecret",
        "type": "text"
      }
    ],
    "loginCheckJs": "var response = result;\nif (response.headers().get(\"Content-Type\") != \"audio/mpeg\") {\n    var body = JSON.parse(response.body().string())\n    if (body.status == 40000001) {\n        source.login()\n        java.getHeaderMap().putAll(source.getHeaderMap(true))\n        response = java.getResponse()\n    } else {\n        throw body.message\n    }\n}\nresponse"
  }
]
